t,trans_x,trans_y,trans_z,rot_x,rot_y,rot_z,
0,1.45574,0.886733,1.07574,0.824445,-2.83773,0.277614,
0.085852,1.45741,0.883645,1.07566,0.824306,-2.84017,0.278806,
0.120523,1.45907,0.880548,1.07557,0.824448,-2.84262,0.280273,
0.147319,1.46071,0.877443,1.07546,0.824831,-2.84505,0.281977,
0.17849,1.46233,0.87433,1.07534,0.825425,-2.84749,0.283889,
0.221248,1.46393,0.871208,1.07522,0.826203,-2.84992,0.285984,
0.253009,1.46552,0.868078,1.07508,0.827138,-2.85236,0.288239,
0.278872,1.46709,0.864939,1.07493,0.828208,-2.85481,0.290633,
0.301003,1.46864,0.861793,1.07476,0.829393,-2.85727,0.293148,
0.324572,1.47018,0.858639,1.07459,0.830673,-2.85974,0.295766,
0.351867,1.4717,0.855477,1.0744,0.832031,-2.86223,0.298471,
0.376417,1.4732,0.852307,1.0742,0.833454,-2.86473,0.301251,
0.403944,1.47468,0.84913,1.07399,0.834927,-2.86724,0.304094,
0.438211,1.47614,0.845945,1.07377,0.836438,-2.86976,0.306987,
0.467939,1.47759,0.842753,1.07354,0.837978,-2.8723,0.309923,
0.501079,1.47902,0.839553,1.0733,0.839538,-2.87486,0.312892,
0.529815,1.48043,0.836347,1.07304,0.841109,-2.87742,0.315888,
0.561129,1.48182,0.833133,1.07277,0.842685,-2.88,0.318905,
0.587809,1.48319,0.829913,1.07249,0.844261,-2.88259,0.321937,
0.615912,1.48455,0.826685,1.0722,0.845831,-2.88519,0.324981,
0.650342,1.48589,0.823451,1.0719,0.847393,-2.8878,0.328033,
0.679111,1.48721,0.820211,1.07159,0.848942,-2.89042,0.331089,
0.709693,1.48851,0.816964,1.07126,0.850477,-2.89304,0.334149,
0.749291,1.48979,0.813712,1.07093,0.851995,-2.89568,0.337209,
0.779361,1.49105,0.810453,1.07058,0.853496,-2.89831,0.340268,
0.802986,1.49229,0.807188,1.07022,0.854977,-2.90096,0.343326,
0.8267,1.49352,0.803917,1.06985,0.856439,-2.90361,0.346382,
0.857199,1.49473,0.80064,1.06947,0.857881,-2.90626,0.349436,
0.899182,1.49591,0.797358,1.06907,0.859302,-2.90891,0.352487,
0.930695,1.49708,0.794071,1.06867,0.860705,-2.91157,0.355536,
0.959257,1.49823,0.790778,1.06825,0.862087,-2.91423,0.358583,
0.993023,1.49936,0.787481,1.06782,0.863451,-2.91689,0.361627,
1.01979,1.50048,0.784178,1.06738,0.864795,-2.91955,0.36467,
1.04192,1.50157,0.78087,1.06693,0.866122,-2.92221,0.367711,
1.06541,1.50264,0.777558,1.06647,0.867431,-2.92487,0.370752,
1.09252,1.5037,0.774241,1.066,0.868723,-2.92753,0.373792,
1.11688,1.50474,0.77092,1.06552,0.869999,-2.93018,0.376832,
1.14424,1.50575,0.767595,1.06503,0.871258,-2.93284,0.379873,
1.17825,1.50675,0.764265,1.06452,0.872503,-2.93549,0.382915,
1.20677,1.50773,0.760932,1.06401,0.873732,-2.93814,0.385957,
1.23742,1.50869,0.757595,1.06348,0.874947,-2.94079,0.389001,
1.27717,1.50963,0.754254,1.06294,0.876149,-2.94343,0.392047,
1.30766,1.51056,0.750909,1.0624,0.877336,-2.94607,0.395094,
1.33553,1.51146,0.747561,1.06184,0.87851,-2.94871,0.398143,
1.36826,1.51235,0.74421,1.06127,0.87967,-2.95134,0.401194,
1.39491,1.51321,0.740856,1.06069,0.880817,-2.95396,0.404247,
1.4188,1.51406,0.737498,1.0601,0.881951,-2.95659,0.407302,
1.4487,1.51489,0.734138,1.05951,0.883072,-2.9592,0.410358,
1.48943,1.5157,0.730775,1.0589,0.884179,-2.96181,0.413415,
1.5193,1.51649,0.72741,1.05828,0.885274,-2.96441,0.416474,
1.54188,1.51726,0.724042,1.05765,0.886355,-2.967,0.419533,
1.56158,1.51802,0.720671,1.05701,0.887422,-2.96959,0.422593,
1.58284,1.51876,0.717299,1.05636,0.888475,-2.97217,0.425653,
1.60764,1.51947,0.713924,1.0557,0.889514,-2.97474,0.428713,
1.63211,1.52017,0.710548,1.05504,0.890539,-2.9773,0.431772,
1.65347,1.52085,0.707169,1.05436,0.89155,-2.97985,0.43483,
1.67586,1.52152,0.703789,1.05367,0.892545,-2.9824,0.437887,
1.70222,1.52216,0.700407,1.05298,0.893525,-2.98493,0.440941,
1.72967,1.52279,0.697024,1.05227,0.89449,-2.98745,0.443993,
1.76194,1.5234,0.69364,1.05156,0.895439,-2.98996,0.447042,
1.78934,1.52399,0.690254,1.05084,0.896372,-2.99246,0.450088,
1.81853,1.52456,0.686867,1.0501,0.897289,-2.99494,0.45313,
1.85568,1.52512,0.683479,1.04936,0.89819,-2.99741,0.456168,
1.88793,1.52566,0.680091,1.04861,0.899074,-2.99987,0.459201,
1.92646,1.52618,0.676701,1.04785,0.899941,-3.00232,0.46223,
1.95653,1.52668,0.673311,1.04709,0.900791,-3.00475,0.465253,
1.985,1.52717,0.66992,1.04631,0.901624,-3.00717,0.468271,
2.01919,1.52764,0.666529,1.04553,0.90244,-3.00957,0.471283,
2.04604,1.52809,0.663137,1.04474,0.903239,-3.01196,0.474289,
2.06832,1.52853,0.659745,1.04394,0.904021,-3.01434,0.477288,
2.0932,1.52895,0.656353,1.04313,0.904785,-3.0167,0.480282,
2.12308,1.52935,0.65296,1.04231,0.905532,-3.01904,0.483268,
2.14952,1.52973,0.649568,1.04149,0.906263,-3.02137,0.486248,
2.18169,1.5301,0.646176,1.04066,0.906977,-3.02368,0.489222,
2.22791,1.53045,0.642783,1.03982,0.907674,-3.02597,0.492188,
2.26241,1.53079,0.639391,1.03897,0.908354,-3.02825,0.495148,
2.2948,1.53111,0.636,1.03812,0.909018,-3.03051,0.498101,
2.32028,1.53142,0.632609,1.03726,0.909667,-3.03276,0.501047,
2.34201,1.5317,0.629218,1.03639,0.9103,-3.03499,0.503987,
2.36097,1.53198,0.625828,1.03551,0.910917,-3.0372,0.50692,
2.37962,1.53223,0.622438,1.03463,0.91152,-3.03939,0.509847,
2.40097,1.53248,0.619049,1.03374,0.912108,-3.04157,0.512767,
2.42799,1.5327,0.615661,1.03284,0.912682,-3.04373,0.515682,
2.46244,1.53291,0.612273,1.03194,0.913243,-3.04587,0.518591,
2.4918,1.53311,0.608887,1.03103,0.91379,-3.048,0.521494,
2.52302,1.53329,0.605501,1.03011,0.914324,-3.05011,0.524392,
2.54987,1.53346,0.602116,1.02919,0.914847,-3.0522,0.527285,
2.57791,1.53361,0.598733,1.02826,0.915357,-3.05428,0.530173,
2.60214,1.53375,0.59535,1.02732,0.915856,-3.05634,0.533056,
2.62729,1.53387,0.591969,1.02638,0.916344,-3.05838,0.535935,
2.65908,1.53398,0.588589,1.02544,0.916822,-3.06041,0.53881,
2.69622,1.53408,0.58521,1.02448,0.91729,-3.06242,0.541682,
2.75229,1.53416,0.581832,1.02352,0.917749,-3.06442,0.54455,
2.79117,1.53422,0.578456,1.02256,0.918199,-3.0664,0.547415,
2.83126,1.53428,0.575081,1.02159,0.918641,-3.06836,0.550277,
2.86282,1.53432,0.571707,1.02061,0.919075,-3.07031,0.553136,
2.8974,1.53434,0.568335,1.01963,0.919501,-3.07224,0.555993,
2.92537,1.53436,0.564964,1.01864,0.919921,-3.07416,0.558848,
2.95352,1.53436,0.561595,1.01765,0.920334,-3.07606,0.561701,
2.98792,1.53434,0.558228,1.01665,0.920741,-3.07795,0.564553,
3.01682,1.53432,0.554862,1.01565,0.921143,-3.07982,0.567403,
3.05004,1.53428,0.551498,1.01464,0.921539,-3.08168,0.570252,
3.09783,1.53423,0.548135,1.01363,0.921931,-3.08352,0.5731,
3.13234,1.53417,0.544774,1.01261,0.922318,-3.08535,0.575947,
3.16282,1.53409,0.541415,1.01159,0.922702,-3.08716,0.578794,
3.18836,1.534,0.538057,1.01057,0.923081,-3.08897,0.58164,
3.2153,1.53391,0.534701,1.00954,0.923458,-3.09075,0.584485,
3.23881,1.53379,0.531347,1.0085,0.923831,-3.09252,0.587331,
3.2629,1.53367,0.527994,1.00746,0.924201,-3.09428,0.590176,
3.29425,1.53354,0.524644,1.00642,0.924569,-3.09603,0.593022,
3.33408,1.53339,0.521295,1.00537,0.924935,-3.09776,0.595867,
3.3638,1.53323,0.517948,1.00432,0.925299,-3.09948,0.598713,
3.38832,1.53306,0.514602,1.00326,0.925661,-3.10119,0.601558,
3.41534,1.53289,0.511259,1.0022,0.926022,-3.10288,0.604404,
3.43852,1.5327,0.507917,1.00114,0.926381,-3.10456,0.60725,
3.45983,1.53249,0.504578,1.00007,0.92674,-3.10623,0.610096,
3.48514,1.53228,0.50124,0.999001,0.927097,-3.10788,0.612942,
3.5161,1.53206,0.497903,0.997927,0.927453,-3.10952,0.615788,
3.54205,1.53183,0.494569,0.996849,0.927809,-3.11115,0.618635,
3.56708,1.53159,0.491237,0.995767,0.928164,-3.11276,0.621481,
3.59589,1.53133,0.487906,0.994683,0.928519,-3.11437,0.624327,
3.62038,1.53107,0.484577,0.993595,0.928873,-3.11596,0.627174,
3.6434,1.5308,0.48125,0.992504,0.929227,-3.11754,0.63002,
3.67209,1.53052,0.477925,0.991409,0.929581,-3.1191,0.632865,
3.70951,1.53023,0.474601,0.990312,0.929935,-3.12066,0.635711,
3.73825,1.52993,0.47128,0.989212,0.930289,-3.1222,0.638555,
3.76337,1.52962,0.46796,0.988109,0.930643,-3.12373,0.6414,
3.79619,1.5293,0.464642,0.987004,0.930997,-3.12524,0.644243,
3.84604,1.52897,0.461326,0.985895,0.931351,-3.12675,0.647086,
3.88132,1.52863,0.458011,0.984784,0.931705,-3.12824,0.649928,
3.91738,1.52829,0.454699,0.983671,0.93206,-3.12972,0.652768,
3.97054,1.52793,0.451388,0.982555,0.932415,-3.13118,0.655608,
4.00478,1.52757,0.448078,0.981436,0.93277,-3.13264,0.658446,
4.0322,1.5272,0.444771,0.980315,0.933126,-3.13408,0.661283,
4.06437,1.52682,0.441465,0.979192,0.933482,-3.13551,0.664118,
4.09532,1.52643,0.438161,0.978067,0.933838,-3.13693,0.666951,
4.13271,1.52603,0.434858,0.97694,0.934195,-3.13834,0.669783,
4.16357,1.52563,0.431558,0.97581,0.934552,-3.13973,0.672612,
4.19506,1.52522,0.428258,0.974679,0.93491,-3.14111,0.675439,
4.22068,1.5248,0.424961,0.973546,0.935268,3.1407,0.678264,
4.24481,1.52438,0.421665,0.972411,0.935627,3.13935,0.681087,
4.27202,1.52394,0.41837,0.971274,0.935987,3.138,0.683907,
4.29517,1.5235,0.415077,0.970135,0.936347,3.13667,0.686724,
4.31505,1.52305,0.411786,0.968995,0.936708,3.13535,0.689539,
4.33567,1.5226,0.408496,0.967853,0.93707,3.13404,0.69235,
4.35862,1.52214,0.405208,0.96671,0.937432,3.13274,0.695159,
4.37997,1.52167,0.401921,0.965565,0.937795,3.13146,0.697964,
4.40425,1.52119,0.398635,0.964419,0.938159,3.13018,0.700766,
4.43334,1.52071,0.395351,0.963271,0.938524,3.12892,0.703565,
4.45784,1.52022,0.392068,0.962123,0.938889,3.12767,0.706359,
4.47999,1.51973,0.388787,0.960973,0.939256,3.12644,0.70915,
4.50546,1.51923,0.385507,0.959822,0.939623,3.12522,0.711937,
4.53466,1.51872,0.382228,0.958669,0.939991,3.124,0.714721,
4.57118,1.51821,0.37895,0.957516,0.94036,3.1228,0.717499,
4.60007,1.51769,0.375674,0.956362,0.94073,3.12162,0.720274,
4.62657,1.51717,0.372399,0.955207,0.941101,3.12044,0.723044,
4.65715,1.51664,0.369125,0.954052,0.941473,3.11928,0.72581,
4.68329,1.5161,0.365853,0.952895,0.941846,3.11813,0.72857,
4.70969,1.51556,0.362581,0.951738,0.94222,3.11699,0.731326,
4.74569,1.51501,0.35931,0.95058,0.942595,3.11586,0.734077,
4.7915,1.51446,0.356041,0.949422,0.942972,3.11475,0.736823,
4.82369,1.51391,0.352773,0.948263,0.943349,3.11364,0.739563,
4.85387,1.51334,0.349505,0.947104,0.943727,3.11256,0.742298,
4.89099,1.51278,0.346239,0.945944,0.944106,3.11148,0.745027,
4.9206,1.51221,0.342973,0.944784,0.944486,3.11041,0.747751,
4.94641,1.51163,0.339709,0.943623,0.944868,3.10936,0.750468,
4.96853,1.51105,0.336445,0.942463,0.94525,3.10832,0.75318,
4.99118,1.51047,0.333182,0.941302,0.945634,3.10729,0.755885,
5.01978,1.50988,0.32992,0.940141,0.946018,3.10627,0.758583,
5.05736,1.50929,0.326659,0.93898,0.946403,3.10527,0.761275,
5.08828,1.50869,0.323399,0.93782,0.94679,3.10428,0.76396,
5.124,1.50809,0.320139,0.936659,0.947177,3.1033,0.766639,
5.17825,1.50748,0.31688,0.935498,0.947565,3.10234,0.76931,
5.21383,1.50687,0.313622,0.934338,0.947954,3.10139,0.771973,
5.24401,1.50626,0.310364,0.933177,0.948344,3.10045,0.774629,
5.2801,1.50565,0.307107,0.932018,0.948735,3.09952,0.777278,
5.30946,1.50503,0.30385,0.930858,0.949127,3.0986,0.779919,
5.33868,1.5044,0.300594,0.929699,0.94952,3.0977,0.782551,
5.37449,1.50378,0.297338,0.92854,0.949913,3.09681,0.785176,
5.40325,1.50315,0.294083,0.927382,0.950307,3.09594,0.787792,
5.43,1.50252,0.290828,0.926224,0.950702,3.09508,0.790399,
5.46137,1.50188,0.287574,0.925067,0.951097,3.09423,0.792998,
5.49059,1.50124,0.284319,0.923911,0.951494,3.09339,0.795588,
5.52437,1.5006,0.281066,0.922756,0.95189,3.09257,0.798168,
5.5525,1.49996,0.277812,0.921601,0.952288,3.09176,0.80074,
5.57803,1.49931,0.274559,0.920447,0.952686,3.09097,0.803302,
5.60055,1.49866,0.271306,0.919294,0.953084,3.09019,0.805854,
5.62583,1.49801,0.268053,0.918142,0.953484,3.08942,0.808397,
5.65617,1.49736,0.2648,0.916991,0.953883,3.08866,0.810929,
5.68197,1.4967,0.261547,0.915841,0.954283,3.08792,0.813452,
5.7066,1.49605,0.258294,0.914692,0.954684,3.0872,0.815964,
5.73817,1.49539,0.255041,0.913545,0.955085,3.08648,0.818465,
5.78249,1.49473,0.251789,0.912398,0.955487,3.08579,0.820957,
5.8148,1.49406,0.248536,0.911253,0.955889,3.0851,0.823437,
5.84254,1.4934,0.245283,0.91011,0.956292,3.08443,0.825906,
5.87438,1.49273,0.24203,0.908968,0.956696,3.08377,0.828365,
5.90077,1.49206,0.238776,0.907827,0.957099,3.08313,0.830812,
5.92462,1.4914,0.235523,0.906687,0.957504,3.08251,0.833248,
5.95201,1.49073,0.232269,0.90555,0.957909,3.08189,0.835672,
5.98113,1.49005,0.229015,0.904414,0.958314,3.08129,0.838085,
6.01603,1.48938,0.22576,0.903279,0.95872,3.08071,0.840486,
6.04401,1.48871,0.222506,0.902147,0.959127,3.08014,0.842876,
6.067,1.48803,0.21925,0.901016,0.959534,3.07958,0.845253,
6.08694,1.48736,0.215995,0.899887,0.959942,3.07904,0.847618,
6.10623,1.48668,0.212738,0.89876,0.960351,3.07852,0.849971,
6.12791,1.48601,0.209482,0.897635,0.960761,3.07801,0.852312,
6.15366,1.48533,0.206224,0.896512,0.961171,3.07751,0.854641,
6.18456,1.48465,0.202966,0.895391,0.961582,3.07703,0.856956,
6.21132,1.48398,0.199707,0.894272,0.961995,3.07656,0.85926,
6.2392,1.4833,0.196448,0.893155,0.962408,3.07611,0.86155,
6.27281,1.48262,0.193188,0.892041,0.962822,3.07568,0.863828,
6.30158,1.48194,0.189927,0.890928,0.963237,3.07526,0.866092,
6.32992,1.48127,0.186665,0.889819,0.963653,3.07485,0.868344,
6.35436,1.48059,0.183403,0.888711,0.96407,3.07446,0.870582,
6.37933,1.47991,0.180139,0.887607,0.964489,3.07408,0.872807,
6.40865,1.47924,0.176875,0.886504,0.964908,3.07372,0.875019,
6.43622,1.47856,0.173609,0.885405,0.965329,3.07338,0.877217,
6.45908,1.47789,0.170343,0.884308,0.965751,3.07305,0.879402,
6.48077,1.47721,0.167075,0.883213,0.966175,3.07273,0.881573,
6.50591,1.47654,0.163807,0.882122,0.9666,3.07243,0.88373,
6.53372,1.47587,0.160537,0.881033,0.967026,3.07215,0.885873,
6.55851,1.4752,0.157266,0.879947,0.967453,3.07188,0.888002,
6.5853,1.47453,0.153994,0.878864,0.967883,3.07163,0.890117,
6.61734,1.47386,0.15072,0.877785,0.968313,3.07139,0.892217,
6.64391,1.47319,0.147445,0.876708,0.968745,3.07117,0.894303,
6.66771,1.47252,0.144169,0.875634,0.969178,3.07096,0.896375,
6.69661,1.47186,0.140892,0.874564,0.969613,3.07077,0.898432,
6.73388,1.4712,0.137613,0.873497,0.970049,3.0706,0.900473,
6.76411,1.47054,0.134332,0.872433,0.970487,3.07044,0.9025,
6.79366,1.46988,0.131051,0.871373,0.970926,3.0703,0.904512,
6.82922,1.46922,0.127767,0.870316,0.971366,3.07018,0.906508,
6.85807,1.46857,0.124482,0.869263,0.971808,3.07007,0.908489,
6.88448,1.46791,0.121196,0.868213,0.972251,3.06997,0.910454,
6.91595,1.46726,0.117908,0.867167,0.972695,3.0699,0.912403,
6.95014,1.46662,0.114618,0.866125,0.973141,3.06984,0.914336,
6.99422,1.46597,0.111326,0.865087,0.973587,3.0698,0.916253,
7.0274,1.46533,0.108033,0.864052,0.974035,3.06977,0.918154,
7.05782,1.46469,0.104738,0.863021,0.974483,3.06976,0.920038,
7.0942,1.46405,0.101441,0.861995,0.974933,3.06977,0.921905,
7.12341,1.46342,0.0981419,0.860972,0.975383,3.0698,0.923755,
7.14969,1.46279,0.0948412,0.859954,0.975834,3.06985,0.925587,
7.1793,1.46216,0.0915386,0.85894,0.976285,3.06991,0.927403,
7.20452,1.46154,0.0882341,0.85793,0.976737,3.06999,0.9292,
7.22587,1.46092,0.0849275,0.856924,0.97719,3.07009,0.93098,
7.24706,1.4603,0.081619,0.855923,0.977642,3.0702,0.932741,
7.27166,1.45969,0.0783084,0.854926,0.978095,3.07034,0.934484,
7.30227,1.45908,0.0749957,0.853935,0.978547,3.07049,0.936208,
7.34191,1.45847,0.0716809,0.852947,0.979,3.07067,0.937914,
7.37214,1.45787,0.0683639,0.851965,0.979452,3.07086,0.9396,
7.39663,1.45727,0.0650448,0.850987,0.979903,3.07107,0.941267,
7.42297,1.45668,0.0617235,0.850014,0.980354,3.0713,0.942915,
7.45409,1.45609,0.0583999,0.849046,0.980804,3.07155,0.944542,
7.48072,1.45551,0.0550741,0.848083,0.981254,3.07182,0.94615,
7.50463,1.45493,0.051746,0.847126,0.981702,3.07212,0.947737,
7.52592,1.45436,0.0484155,0.846173,0.982149,3.07243,0.949304,
7.54837,1.45379,0.0450828,0.845226,0.982594,3.07276,0.950849,
7.57475,1.45322,0.0417476,0.844284,0.983038,3.07311,0.952374,
7.60493,1.45266,0.0384101,0.843348,0.983481,3.07349,0.953878,
7.64218,1.45211,0.0350701,0.842417,0.983921,3.07389,0.95536,
7.67187,1.45156,0.0317277,0.841492,0.984359,3.0743,0.95682,
7.69648,1.45102,0.0283829,0.840572,0.984796,3.07474,0.958258,
7.71795,1.45048,0.0250355,0.839659,0.985229,3.07521,0.959674,
7.74028,1.44995,0.0216857,0.838751,0.985661,3.07569,0.961067,
7.76607,1.44943,0.0183333,0.837849,0.986089,3.0762,0.962438,
7.79253,1.44891,0.0149784,0.836953,0.986515,3.07673,0.963786,
7.82202,1.44839,0.0116209,0.836064,0.986937,3.07728,0.965111,
7.85831,1.44789,0.00826078,0.83518,0.987357,3.07786,0.966412,
7.88819,1.44739,0.00489808,0.834303,0.987773,3.07846,0.96769,
7.91487,1.44689,0.00153276,0.833433,0.988186,3.07908,0.968944,
7.93776,1.44641,-0.0018352,0.832569,0.988595,3.07973,0.970174,
7.96038,1.44593,-0.00520581,0.831711,0.989,3.0804,0.97138,
7.98755,1.44546,-0.00857909,0.83086,0.989401,3.0811,0.972562,
8.02064,1.44499,-0.011955,0.830016,0.989799,3.08182,0.973719,
8.04854,1.44453,-0.0153337,0.829179,0.990191,3.08257,0.974852,
8.07551,1.44408,-0.0187151,0.828349,0.99058,3.08334,0.975959,
8.10674,1.44364,-0.0220991,0.827526,0.990964,3.08413,0.977042,
8.13485,1.4432,-0.0254859,0.82671,0.991343,3.08496,0.978099,
8.15861,1.44278,-0.0288754,0.825901,0.991717,3.0858,0.97913,
8.18398,1.44236,-0.0322677,0.8251,0.992086,3.08668,0.980136,
8.21404,1.44195,-0.0356627,0.824307,0.99245,3.08758,0.981117,
8.24078,1.44154,-0.0390604,0.82352,0.992808,3.0885,0.982071,
8.26441,1.44115,-0.0424609,0.822742,0.99316,3.08945,0.982999,
8.28924,1.44076,-0.0458642,0.821971,0.993507,3.09043,0.983901,
8.31784,1.44039,-0.0492701,0.821208,0.993848,3.09144,0.984777,
8.34537,1.44002,-0.0526789,0.820454,0.994182,3.09247,0.985625,
8.36857,1.43966,-0.0560903,0.819707,0.99451,3.09353,0.986447,
8.39103,1.43931,-0.0595045,0.818968,0.994832,3.09462,0.987242,
8.41751,1.43897,-0.0629215,0.818238,0.995146,3.09574,0.98801,
8.44813,1.43864,-0.0663411,0.817517,0.995454,3.09688,0.988751,
8.47409,1.43832,-0.0697634,0.816803,0.995754,3.09805,0.989464,
8.49619,1.43801,-0.0731885,0.816099,0.996046,3.09925,0.99015,
8.51918,1.43771,-0.0766162,0.815403,0.996331,3.10048,0.990807,
8.5475,1.43742,-0.0800466,0.814716,0.996608,3.10173,0.991437,
8.58232,1.43714,-0.0834796,0.814038,0.996876,3.10302,0.992039,
8.61182,1.43687,-0.0869153,0.813369,0.997135,3.10433,0.992612,
8.64034,1.43661,-0.0903535,0.812709,0.997386,3.10568,0.993157,
8.66494,1.43637,-0.0937944,0.812059,0.997627,3.10705,0.993673,
8.69033,1.43613,-0.0972377,0.811418,0.997859,3.10846,0.994161,
8.71977,1.4359,-0.100684,0.810787,0.998081,3.10989,0.994619,
8.74714,1.43569,-0.104132,0.810165,0.998293,3.11135,0.995049,
8.77761,1.43549,-0.107583,0.809553,0.998494,3.11285,0.995449,
8.80396,1.4353,-0.111036,0.808951,0.998684,3.11437,0.995819,
8.83034,1.43512,-0.114492,0.808359,0.998864,3.11593,0.99616,
8.86079,1.43495,-0.11795,0.807777,0.999031,3.11751,0.996471,
8.88613,1.4348,-0.12141,0.807205,0.999187,3.11913,0.996752,
8.90749,1.43465,-0.124872,0.806644,0.99933,3.12078,0.997003,
8.92888,1.43452,-0.128337,0.806093,0.999461,3.12246,0.997223,
8.95352,1.43441,-0.131804,0.805553,0.999578,3.12417,0.997413,
8.9821,1.4343,-0.135272,0.805024,0.999682,3.12592,0.997572,
9.01868,1.43421,-0.138743,0.804505,0.999772,3.1277,0.9977,
9.05591,1.43413,-0.142216,0.803998,0.999848,3.12951,0.997797,
9.10596,1.43407,-0.145691,0.803501,0.999909,3.13135,0.997863,
9.146,1.43402,-0.149167,0.803016,0.999955,3.13323,0.997898,
9.19842,1.43398,-0.152645,0.802542,0.999986,3.13514,0.997901,
9.23293,1.43395,-0.156125,0.802079,1,3.13708,0.997872,
9.25772,1.43394,-0.159606,0.801628,0.999998,3.13906,0.997811,
9.27898,1.43395,-0.163089,0.801189,0.999979,3.14108,0.997718,
9.30195,1.43397,-0.166574,0.800761,0.999944,-3.14006,0.997594,
9.33118,1.434,-0.170059,0.800346,0.99989,-3.13798,0.997437,
9.36926,1.43405,-0.173546,0.799942,0.999818,-3.13586,0.997247,
9.39948,1.43411,-0.177034,0.799551,0.999728,-3.13371,0.997025,
9.42812,1.43419,-0.180523,0.799172,0.999619,-3.13152,0.99677,
9.46216,1.43428,-0.184013,0.798805,0.99949,-3.12929,0.996483,
9.49158,1.43439,-0.187504,0.798451,0.999342,-3.12703,0.996163,
9.52157,1.43451,-0.190996,0.79811,0.999174,-3.12474,0.995809,
9.54722,1.43465,-0.194488,0.797781,0.998985,-3.1224,0.995423,
9.57284,1.43481,-0.19798,0.797465,0.998775,-3.12003,0.995004,
9.6032,1.43498,-0.201473,0.797162,0.998543,-3.11763,0.994551,
9.63366,1.43516,-0.204967,0.796872,0.99829,-3.11518,0.994066,
9.66977,1.43537,-0.20846,0.796595,0.998015,-3.1127,0.993547,
9.70048,1.43559,-0.211954,0.796332,0.997717,-3.11018,0.992994,
9.7341,1.43582,-0.215447,0.796082,0.997396,-3.10762,0.992409,
9.77872,1.43607,-0.21894,0.795845,0.997051,-3.10503,0.99179,
9.81335,1.43634,-0.222432,0.795622,0.996683,-3.10239,0.991137,
9.84728,1.43663,-0.225924,0.795413,0.99629,-3.09972,0.990451,
9.89095,1.43693,-0.229416,0.795218,0.995873,-3.09701,0.989732,
9.92457,1.43725,-0.232906,0.795036,0.995431,-3.09426,0.98898,
9.95201,1.43759,-0.236396,0.794869,0.994964,-3.09147,0.988194,
9.98171,1.43794,-0.239884,0.794716,0.994471,-3.08865,0.987375,
10.0084,1.43832,-0.243372,0.794576,0.993952,-3.08578,0.986522,
10.037,1.43871,-0.246857,0.794451,0.993407,-3.08287,0.985637,
10.0715,1.43911,-0.250342,0.794341,0.992835,-3.07993,0.984718,
10.104,1.43954,-0.253824,0.794245,0.992236,-3.07695,0.983766,
10.1417,1.43998,-0.257305,0.794163,0.991609,-3.07392,0.982781,
10.1723,1.44044,-0.260783,0.794096,0.990955,-3.07086,0.981764,
10.1987,1.44092,-0.264259,0.794044,0.990272,-3.06775,0.980714,
10.2307,1.44142,-0.267733,0.794006,0.989561,-3.06461,0.979631,
10.2722,1.44194,-0.271204,0.793983,0.988821,-3.06143,0.978515,
10.3081,1.44247,-0.274673,0.793975,0.988053,-3.05821,0.977367,
10.3501,1.44302,-0.278138,0.793982,0.987254,-3.05494,0.976187,
10.3835,1.44359,-0.281601,0.794004,0.986427,-3.05164,0.974975,
10.4129,1.44418,-0.28506,0.794041,0.985569,-3.0483,0.973731,
10.4461,1.44479,-0.288516,0.794093,0.98468,-3.04491,0.972455,
10.476,1.44542,-0.291968,0.79416,0.983762,-3.04149,0.971147,
10.5106,1.44606,-0.295417,0.794243,0.982812,-3.03802,0.969809,
10.5577,1.44673,-0.298861,0.79434,0.981831,-3.03452,0.968439,
10.5969,1.44741,-0.302301,0.794453,0.980819,-3.03097,0.967038,
10.6278,1.44811,-0.305737,0.794581,0.979775,-3.02739,0.965606,
10.6607,1.44884,-0.309169,0.794725,0.978699,-3.02376,0.964144,
10.7009,1.44958,-0.312596,0.794883,0.977592,-3.0201,0.962652,
10.735,1.45034,-0.316018,0.795057,0.976451,-3.01639,0.961129,
10.7673,1.45111,-0.319434,0.795247,0.975278,-3.01265,0.959577,
10.7947,1.45191,-0.322846,0.795452,0.974072,-3.00886,0.957995,
10.82,1.45273,-0.326252,0.795672,0.972833,-3.00504,0.956385,
10.8492,1.45356,-0.329653,0.795908,0.97156,-3.00117,0.954745,
10.886,1.45442,-0.333048,0.796159,0.970254,-2.99727,0.953077,
10.9348,1.45529,-0.336437,0.796426,0.968914,-2.99332,0.95138,
10.9722,1.45618,-0.33982,0.796708,0.96754,-2.98934,0.949655,
11.0018,1.45709,-0.343196,0.797005,0.966132,-2.98531,0.947903,
11.0323,1.45802,-0.346566,0.797318,0.964689,-2.98125,0.946123,
11.0721,1.45897,-0.349929,0.797646,0.963212,-2.97715,0.944316,
11.1234,1.45994,-0.353286,0.797989,0.961699,-2.97301,0.942482,
11.166,1.46093,-0.356635,0.798348,0.960151,-2.96883,0.940622,
11.2178,1.46193,-0.359978,0.798722,0.958568,-2.96461,0.938735,
11.2607,1.46296,-0.363313,0.799111,0.956949,-2.96036,0.936823,
11.3116,1.464,-0.36664,0.799516,0.955293,-2.95606,0.934885,
11.3516,1.46506,-0.36996,0.799936,0.953602,-2.95173,0.932922,
11.3876,1.46614,-0.373272,0.80037,0.951873,-2.94736,0.930934,
11.4183,1.46724,-0.376576,0.80082,0.950108,-2.94295,0.928921,
11.4509,1.46836,-0.379871,0.801285,0.948305,-2.93851,0.926883,
11.4905,1.4695,-0.383159,0.801765,0.946464,-2.93403,0.924821,
11.5292,1.47065,-0.386438,0.80226,0.944586,-2.92951,0.922736,
11.5753,1.47182,-0.389708,0.802769,0.942668,-2.92495,0.920627,
11.614,1.47301,-0.392969,0.803294,0.940712,-2.92036,0.918494,
11.6559,1.47422,-0.396222,0.803833,0.938716,-2.91573,0.916338,
11.7118,1.47545,-0.399465,0.804387,0.936681,-2.91107,0.914159,
11.7549,1.47669,-0.402699,0.804955,0.934605,-2.90637,0.911957,
11.793,1.47796,-0.405924,0.805538,0.932487,-2.90164,0.909732,
11.8245,1.47924,-0.409139,0.806135,0.930329,-2.89687,0.907485,
11.8545,1.48053,-0.412344,0.806747,0.928128,-2.89207,0.905216,
11.8912,1.48185,-0.41554,0.807373,0.925885,-2.88724,0.902924,
11.938,1.48318,-0.418726,0.808013,0.923598,-2.88237,0.90061,
11.9766,1.48453,-0.421901,0.808667,0.921267,-2.87746,0.898274,
12.0144,1.48589,-0.425067,0.809334,0.918892,-2.87253,0.895917,
12.0595,1.48728,-0.428222,0.810016,0.916471,-2.86756,0.893537,
12.0963,1.48868,-0.431367,0.810712,0.914005,-2.86256,0.891136,
12.1293,1.49009,-0.434501,0.811421,0.911492,-2.85753,0.888713,
12.1659,1.49152,-0.437625,0.812144,0.908931,-2.85247,0.886268,
12.1987,1.49297,-0.440738,0.81288,0.906323,-2.84738,0.883802,
12.2332,1.49444,-0.443841,0.81363,0.903666,-2.84226,0.881314,
12.2748,1.49592,-0.446932,0.814393,0.90096,-2.83711,0.878805,
12.3163,1.49741,-0.450012,0.815168,0.898205,-2.83194,0.876275,
12.3657,1.49893,-0.453082,0.815957,0.895398,-2.82674,0.873724,
12.4071,1.50046,-0.45614,0.816759,0.892541,-2.82151,0.871151,
12.4496,1.502,-0.459187,0.817574,0.889632,-2.81626,0.868557,
12.4965,1.50356,-0.462223,0.818401,0.886671,-2.81098,0.865942,
12.5592,1.50513,-0.465247,0.819241,0.883658,-2.80568,0.863306,
12.6097,1.50672,-0.46826,0.820093,0.880591,-2.80036,0.860649,
12.6695,1.50832,-0.471262,0.820957,0.87747,-2.79501,0.857971,
12.7136,1.50994,-0.474252,0.821834,0.874296,-2.78965,0.855273,
12.7476,1.51157,-0.477231,0.822723,0.871067,-2.78427,0.852554,
12.7803,1.51322,-0.480198,0.823623,0.867783,-2.77887,0.849814,
12.8208,1.51488,-0.483153,0.824536,0.864445,-2.77346,0.847054,
12.8732,1.51656,-0.486097,0.82546,0.861051,-2.76804,0.844274,
12.9155,1.51825,-0.489029,0.826396,0.857601,-2.7626,0.841474,
12.9573,1.51995,-0.49195,0.827343,0.854096,-2.75715,0.838654,
13.0082,1.52167,-0.494859,0.828301,0.850534,-2.75169,0.835814,
13.049,1.52339,-0.497756,0.82927,0.846916,-2.74623,0.832954,
13.0831,1.52514,-0.500641,0.830251,0.843242,-2.74075,0.830074,
13.113,1.52689,-0.503515,0.831243,0.83951,-2.73528,0.827174,
13.1443,1.52866,-0.506377,0.832245,0.835721,-2.7298,0.824254,
13.1814,1.53044,-0.509227,0.833258,0.831875,-2.72432,0.821314,
13.2242,1.53224,-0.512065,0.834281,0.82797,-2.71883,0.818354,
13.2777,1.53404,-0.514892,0.835315,0.824007,-2.71335,0.815374,
13.3219,1.53586,-0.517707,0.83636,0.819984,-2.70788,0.812373,
13.3647,1.53769,-0.520511,0.837414,0.815901,-2.70241,0.809351,
13.4008,1.53954,-0.523302,0.838479,0.811758,-2.69694,0.806307,
13.4373,1.54139,-0.526082,0.839553,0.807553,-2.69148,0.803242,
13.4795,1.54326,-0.52885,0.840638,0.803285,-2.68603,0.800154,
13.5165,1.54514,-0.531607,0.841732,0.798953,-2.68059,0.797043,
13.5551,1.54703,-0.534352,0.842836,0.794556,-2.67516,0.793908,
13.6017,1.54893,-0.537085,0.843949,0.790093,-2.66974,0.790747,
13.6443,1.55084,-0.539807,0.845071,0.785562,-2.66434,0.787561,
13.6933,1.55276,-0.542518,0.846203,0.780961,-2.65895,0.784349,
13.7349,1.55469,-0.545216,0.847344,0.776289,-2.65357,0.781108,
13.78,1.55664,-0.547903,0.848494,0.771543,-2.64822,0.777838,
13.8383,1.55859,-0.550579,0.849653,0.766723,-2.64288,0.774537,
13.8872,1.56056,-0.553243,0.850821,0.761827,-2.63756,0.771205,
13.9456,1.56254,-0.555896,0.851998,0.756851,-2.63227,0.76784,
13.9921,1.56452,-0.558537,0.853183,0.751795,-2.62699,0.76444,
14.0416,1.56652,-0.561168,0.854376,0.746658,-2.62174,0.761006,
14.1094,1.56852,-0.563786,0.855578,0.741436,-2.61652,0.757534,
14.1602,1.57054,-0.566394,0.856789,0.736128,-2.61133,0.754024,
14.2065,1.57256,-0.56899,0.858007,0.730734,-2.60616,0.750476,
14.2442,1.5746,-0.571575,0.859234,0.725252,-2.60103,0.746887,
14.2789,1.57664,-0.574148,0.860468,0.71968,-2.59593,0.743256,
14.3096,1.5787,-0.576711,0.861711,0.714018,-2.59086,0.739584,
14.3417,1.58076,-0.579262,0.862961,0.708265,-2.58584,0.735869,
14.3806,1.58283,-0.581803,0.864219,0.70242,-2.58085,0.732111,
14.4263,1.58491,-0.584332,0.865484,0.696484,-2.57591,0.728308,
14.465,1.587,-0.58685,0.866757,0.690457,-2.57101,0.724462,
14.4962,1.5891,-0.589358,0.868037,0.684338,-2.56616,0.720571,
14.523,1.5912,-0.591854,0.869325,0.678128,-2.56136,0.716635,
14.5479,1.59332,-0.59434,0.87062,0.671828,-2.55662,0.712654,
14.5751,1.59544,-0.596815,0.871921,0.665438,-2.55193,0.708629,
14.6067,1.59757,-0.599279,0.87323,0.658959,-2.54729,0.704559,
14.642,1.59971,-0.601733,0.874545,0.652393,-2.54272,0.700445,
14.6736,1.60185,-0.604176,0.875868,0.645739,-2.53821,0.696287,
14.7049,1.60401,-0.606608,0.877197,0.638999,-2.53376,0.692084,
14.7396,1.60617,-0.60903,0.878532,0.632173,-2.52938,0.687837,
14.772,1.60834,-0.611442,0.879874,0.625261,-2.52507,0.683545,
14.7999,1.61052,-0.613843,0.881222,0.618264,-2.52083,0.679208,
14.8261,1.6127,-0.616234,0.882577,0.611182,-2.51666,0.674826,
14.8545,1.61489,-0.618614,0.883938,0.604014,-2.51255,0.670399,
14.8859,1.61709,-0.620985,0.885305,0.59676,-2.50853,0.665925,
14.9211,1.6193,-0.623345,0.886678,0.589418,-2.50458,0.661403,
14.9521,1.62151,-0.625695,0.888057,0.581988,-2.5007,0.656833,
14.9807,1.62373,-0.628035,0.889442,0.574469,-2.4969,0.652214,
15.013,1.62595,-0.630365,0.890833,0.566861,-2.49318,0.647545,
15.054,1.62819,-0.632686,0.892229,0.559162,-2.48954,0.642826,
15.1068,1.63043,-0.634996,0.893632,0.551374,-2.48598,0.638056,
15.1476,1.63267,-0.637297,0.89504,0.543498,-2.4825,0.633236,
15.1811,1.63492,-0.639588,0.896453,0.535536,-2.47911,0.628368,
15.2173,1.63718,-0.641869,0.897872,0.527491,-2.47581,0.623452,
15.26,1.63945,-0.64414,0.899296,0.51937,-2.4726,0.618493,
15.2966,1.64172,-0.646402,0.900726,0.511178,-2.46948,0.613495,
15.3316,1.644,-0.648655,0.902161,0.502925,-2.46646,0.608463,
15.3715,1.64628,-0.650898,0.903602,0.494621,-2.46354,0.603403,
15.4099,1.64857,-0.653132,0.905047,0.486278,-2.46071,0.598323,
15.4533,1.65086,-0.655356,0.906498,0.47791,-2.45799,0.593232,
15.4894,1.65316,-0.657571,0.907953,0.469529,-2.45537,0.588138,
15.5197,1.65547,-0.659777,0.909414,0.461149,-2.45285,0.58305,
15.5501,1.65778,-0.661974,0.910879,0.452783,-2.45044,0.577975,
15.5861,1.6601,-0.664162,0.91235,0.444439,-2.44812,0.57292,
15.6265,1.66242,-0.666341,0.913824,0.436121,-2.44591,0.567887,
15.6623,1.66475,-0.668511,0.915304,0.427829,-2.4438,0.562877,
15.7029,1.66709,-0.670672,0.916788,0.419554,-2.44178,0.557884,
15.7538,1.66942,-0.672825,0.918277,0.411278,-2.43985,0.552897,
15.7972,1.67177,-0.674969,0.91977,0.402974,-2.43801,0.547898,
15.8437,1.67412,-0.677104,0.921267,0.394606,-2.43625,0.542865,
15.8825,1.67647,-0.67923,0.922769,0.38613,-2.43458,0.537768,
15.9222,1.67883,-0.681348,0.924275,0.377498,-2.433,0.532578,
15.9696,1.68119,-0.683457,0.925786,0.368668,-2.43152,0.527266,
16.0074,1.68356,-0.685557,0.927301,0.359611,-2.43014,0.521814,
16.0383,1.68593,-0.687648,0.92882,0.350338,-2.42888,0.516228,
16.0685,1.68831,-0.689731,0.930343,0.340919,-2.42775,0.510554,
16.1036,1.69069,-0.691805,0.931871,0.331524,-2.42677,0.504901,
16.1451,1.69308,-0.69387,0.933402,0.322479,-2.42594,0.499484,
16.2063,1.69547,-0.695927,0.934937,0.314328,-2.42527,0.494655,
16.4439,1.69786,-0.697978,0.936475,0.307925,-2.42473,0.490975,
