t,j1,j2,j3,j4,j5,j6
0,0.457737,0.349238,0.352501,1.01903,1.1044,1.32996e-06
0.085852,0.455735,0.348961,0.352844,1.01878,1.10328,1.32996e-06
0.120523,0.453712,0.348685,0.353236,1.01884,1.10223,1.32997e-06
0.147319,0.451672,0.348412,0.353671,1.01915,1.10123,1.32997e-06
0.17849,0.449617,0.348139,0.354147,1.01971,1.10028,1.32998e-06
0.221248,0.447549,0.347867,0.354661,1.02047,1.09937,1.33e-06
0.253009,0.445469,0.347594,0.355211,1.02141,1.09849,1.33001e-06
0.278872,0.44338,0.347318,0.355795,1.02251,1.09763,1.33004e-06
0.301003,0.441283,0.34704,0.356411,1.02374,1.0968,1.33006e-06
0.324572,0.439179,0.346759,0.357058,1.0251,1.09597,1.33009e-06
0.351867,0.437069,0.346474,0.357733,1.02656,1.09515,1.33012e-06
0.376417,0.434954,0.346185,0.358435,1.0281,1.09433,1.33016e-06
0.403944,0.432837,0.345892,0.359163,1.02971,1.09351,1.3302e-06
0.438211,0.430716,0.345594,0.359915,1.03139,1.09269,1.33024e-06
0.467939,0.428593,0.345291,0.360691,1.03311,1.09187,1.3303e-06
0.501079,0.426469,0.344984,0.361488,1.03488,1.09104,1.33036e-06
0.529815,0.424345,0.344671,0.362307,1.03668,1.0902,1.33043e-06
0.561129,0.42222,0.344354,0.363145,1.0385,1.08935,1.33051e-06
0.587809,0.420095,0.344031,0.364004,1.04034,1.08849,1.3306e-06
0.615912,0.41797,0.343704,0.364881,1.04219,1.08763,1.33069e-06
0.650342,0.415846,0.343371,0.365776,1.04405,1.08675,1.3308e-06
0.679111,0.413723,0.343034,0.366689,1.04592,1.08586,1.33091e-06
0.709693,0.411602,0.342692,0.36762,1.04778,1.08496,1.33102e-06
0.749291,0.409481,0.342345,0.368567,1.04965,1.08406,1.33114e-06
0.779361,0.407362,0.341994,0.36953,1.05152,1.08314,1.33127e-06
0.802986,0.405244,0.341639,0.37051,1.05338,1.08222,1.3314e-06
0.8267,0.403128,0.341279,0.371506,1.05524,1.08128,1.33153e-06
0.857199,0.401014,0.340914,0.372517,1.0571,1.08034,1.33167e-06
0.899182,0.398901,0.340546,0.373544,1.05895,1.07939,1.33181e-06
0.930695,0.396789,0.340174,0.374586,1.06079,1.07844,1.33195e-06
0.959257,0.394679,0.339797,0.375644,1.06263,1.07748,1.3321e-06
0.993023,0.392571,0.339417,0.376717,1.06447,1.07651,1.33226e-06
1.01979,0.390465,0.339033,0.377804,1.0663,1.07554,1.33241e-06
1.04192,0.388359,0.338646,0.378906,1.06812,1.07456,1.33257e-06
1.06541,0.386256,0.338256,0.380023,1.06995,1.07358,1.33274e-06
1.09252,0.384154,0.337861,0.381155,1.07176,1.0726,1.3329e-06
1.11688,0.382053,0.337464,0.382301,1.07358,1.07162,1.33307e-06
1.14424,0.379954,0.337064,0.383462,1.07539,1.07063,1.33325e-06
1.17825,0.377856,0.33666,0.384637,1.0772,1.06964,1.33343e-06
1.20677,0.37576,0.336254,0.385826,1.07901,1.06865,1.33361e-06
1.23742,0.373665,0.335845,0.387029,1.08082,1.06766,1.33379e-06
1.27717,0.371571,0.335433,0.388245,1.08262,1.06667,1.33398e-06
1.30766,0.369479,0.335019,0.389476,1.08442,1.06568,1.33418e-06
1.33553,0.367388,0.334602,0.39072,1.08622,1.0647,1.33437e-06
1.36826,0.365299,0.334182,0.391977,1.08802,1.06371,1.33457e-06
1.39491,0.363211,0.333761,0.393248,1.08982,1.06272,1.33477e-06
1.4188,0.361125,0.333337,0.394531,1.09162,1.06174,1.33498e-06
1.4487,0.359039,0.332911,0.395828,1.09341,1.06076,1.33519e-06
1.48943,0.356956,0.332483,0.397136,1.0952,1.05978,1.3354e-06
1.5193,0.354873,0.332053,0.398457,1.09699,1.05881,1.33562e-06
1.54188,0.352793,0.331622,0.399791,1.09877,1.05784,1.33584e-06
1.56158,0.350713,0.331188,0.401135,1.10055,1.05687,1.33607e-06
1.58284,0.348635,0.330754,0.402492,1.10233,1.05591,1.33629e-06
1.60764,0.346559,0.330317,0.40386,1.1041,1.05495,1.33652e-06
1.63211,0.344484,0.32988,0.405238,1.10586,1.054,1.33676e-06
1.65347,0.342411,0.329441,0.406628,1.10762,1.05305,1.337e-06
1.67586,0.340339,0.329001,0.408028,1.10937,1.05211,1.33724e-06
1.70222,0.338269,0.32856,0.409438,1.11111,1.05117,1.33748e-06
1.72967,0.3362,0.328118,0.410858,1.11284,1.05024,1.33773e-06
1.76194,0.334133,0.327675,0.412287,1.11457,1.04931,1.33799e-06
1.78934,0.332067,0.327232,0.413726,1.11628,1.04839,1.33824e-06
1.81853,0.330003,0.326788,0.415174,1.11799,1.04748,1.3385e-06
1.85568,0.327941,0.326343,0.416631,1.11968,1.04658,1.33877e-06
1.88793,0.325881,0.325898,0.418096,1.12136,1.04568,1.33903e-06
1.92646,0.323822,0.325453,0.41957,1.12303,1.04479,1.3393e-06
1.95653,0.321764,0.325007,0.421052,1.12469,1.0439,1.33958e-06
1.985,0.319709,0.324562,0.422541,1.12633,1.04303,1.33985e-06
2.01919,0.317655,0.324116,0.424038,1.12796,1.04216,1.34013e-06
2.04604,0.315602,0.32367,0.425542,1.12958,1.0413,1.34042e-06
2.06832,0.313552,0.323225,0.427053,1.13118,1.04045,1.34071e-06
2.0932,0.311502,0.32278,0.428571,1.13277,1.0396,1.341e-06
2.12308,0.309455,0.322335,0.430096,1.13434,1.03877,1.34129e-06
2.14952,0.307409,0.321891,0.431627,1.13589,1.03794,1.34159e-06
2.18169,0.305364,0.321447,0.433164,1.13743,1.03712,1.34189e-06
2.22791,0.303321,0.321004,0.434707,1.13896,1.03632,1.3422e-06
2.26241,0.301279,0.320561,0.436255,1.14047,1.03552,1.34251e-06
2.2948,0.299239,0.32012,0.43781,1.14196,1.03473,1.34282e-06
2.32028,0.297201,0.319679,0.43937,1.14344,1.03395,1.34314e-06
2.34201,0.295163,0.319239,0.440935,1.1449,1.03318,1.34346e-06
2.36097,0.293127,0.3188,0.442505,1.14635,1.03242,1.34378e-06
2.37962,0.291093,0.318362,0.44408,1.14778,1.03167,1.34411e-06
2.40097,0.289059,0.317926,0.44566,1.1492,1.03092,1.34444e-06
2.42799,0.287027,0.317491,0.447244,1.1506,1.03019,1.34477e-06
2.46244,0.284996,0.317057,0.448833,1.15198,1.02947,1.34511e-06
2.4918,0.282966,0.316624,0.450427,1.15336,1.02876,1.34545e-06
2.52302,0.280937,0.316193,0.452024,1.15472,1.02806,1.34579e-06
2.54987,0.278909,0.315764,0.453626,1.15606,1.02737,1.34614e-06
2.57791,0.276882,0.315336,0.455232,1.15739,1.0267,1.34649e-06
2.60214,0.274856,0.31491,0.456841,1.15871,1.02603,1.34684e-06
2.62729,0.272831,0.314486,0.458455,1.16002,1.02537,1.34719e-06
2.65908,0.270807,0.314063,0.460072,1.16131,1.02473,1.34754e-06
2.69622,0.268783,0.313643,0.461692,1.1626,1.02409,1.34788e-06
2.75229,0.26676,0.313224,0.463316,1.16387,1.02347,1.34823e-06
2.79117,0.264738,0.312807,0.464943,1.16513,1.02285,1.34858e-06
2.83126,0.262716,0.312393,0.466574,1.16638,1.02225,1.34893e-06
2.86282,0.260695,0.311981,0.468207,1.16762,1.02166,1.34927e-06
2.8974,0.258674,0.311571,0.469844,1.16885,1.02108,1.34962e-06
2.92537,0.256653,0.311163,0.471483,1.17007,1.02052,1.34996e-06
2.95352,0.254633,0.310757,0.473125,1.17128,1.01996,1.35032e-06
2.98792,0.252613,0.310354,0.47477,1.17248,1.01942,1.35068e-06
3.01682,0.250594,0.309954,0.476417,1.17368,1.01889,1.35104e-06
3.05004,0.248574,0.309556,0.478067,1.17487,1.01837,1.35141e-06
3.09783,0.246555,0.309161,0.479719,1.17605,1.01786,1.35179e-06
3.13234,0.244536,0.308768,0.481373,1.17722,1.01736,1.35216e-06
3.16282,0.242516,0.308378,0.48303,1.17838,1.01688,1.35254e-06
3.18836,0.240497,0.307991,0.484688,1.17954,1.0164,1.35292e-06
3.2153,0.238478,0.307607,0.486348,1.18069,1.01594,1.3533e-06
3.23881,0.236458,0.307226,0.48801,1.18184,1.01549,1.35369e-06
3.2629,0.234438,0.306848,0.489674,1.18298,1.01506,1.35407e-06
3.29425,0.232418,0.306473,0.491339,1.18411,1.01463,1.35446e-06
3.33408,0.230398,0.306101,0.493005,1.18524,1.01422,1.35485e-06
3.3638,0.228377,0.305732,0.494673,1.18636,1.01382,1.35524e-06
3.38832,0.226356,0.305367,0.496341,1.18748,1.01344,1.35564e-06
3.41534,0.224334,0.305004,0.498011,1.18859,1.01306,1.35604e-06
3.43852,0.222312,0.304646,0.499681,1.1897,1.0127,1.35644e-06
3.45983,0.220289,0.30429,0.501353,1.1908,1.01235,1.35685e-06
3.48514,0.218266,0.303939,0.503024,1.19189,1.01201,1.35726e-06
3.5161,0.216242,0.30359,0.504697,1.19298,1.01169,1.35767e-06
3.54205,0.214217,0.303246,0.506369,1.19406,1.01137,1.35808e-06
3.56708,0.212192,0.302905,0.508042,1.19514,1.01107,1.3585e-06
3.59589,0.210165,0.302568,0.509714,1.19622,1.01079,1.35893e-06
3.62038,0.208138,0.302235,0.511387,1.19728,1.01051,1.35936e-06
3.6434,0.206111,0.301906,0.513059,1.19835,1.01025,1.35979e-06
3.67209,0.204082,0.30158,0.514731,1.1994,1.01,1.36022e-06
3.70951,0.202052,0.301259,0.516402,1.20045,1.00977,1.36066e-06
3.73825,0.200021,0.300942,0.518072,1.2015,1.00954,1.3611e-06
3.76337,0.197989,0.300629,0.519742,1.20254,1.00933,1.36155e-06
3.79619,0.195957,0.30032,0.52141,1.20357,1.00914,1.36199e-06
3.84604,0.193923,0.300015,0.523078,1.20459,1.00895,1.36245e-06
3.88132,0.191887,0.299715,0.524744,1.20561,1.00878,1.3629e-06
3.91738,0.189851,0.299419,0.526408,1.20663,1.00862,1.36336e-06
3.97054,0.187814,0.299128,0.528071,1.20763,1.00847,1.36382e-06
4.00478,0.185775,0.298841,0.529733,1.20863,1.00834,1.36429e-06
4.0322,0.183734,0.298559,0.531392,1.20962,1.00822,1.36476e-06
4.06437,0.181693,0.298281,0.533049,1.21061,1.00811,1.36523e-06
4.09532,0.17965,0.298008,0.534705,1.21159,1.00802,1.36571e-06
4.13271,0.177605,0.29774,0.536357,1.21256,1.00794,1.36619e-06
4.16357,0.17556,0.297477,0.538008,1.21352,1.00787,1.36667e-06
4.19506,0.173512,0.297218,0.539656,1.21448,1.00781,1.36716e-06
4.22068,0.171463,0.296965,0.541301,1.21542,1.00777,1.36765e-06
4.24481,0.169413,0.296716,0.542943,1.21636,1.00774,1.36815e-06
4.27202,0.16736,0.296473,0.544582,1.21729,1.00772,1.36865e-06
4.29517,0.165307,0.296234,0.546218,1.21822,1.00772,1.36915e-06
4.31505,0.163251,0.296001,0.547851,1.21913,1.00773,1.36965e-06
4.33567,0.161194,0.295773,0.54948,1.22003,1.00775,1.37016e-06
4.35862,0.159134,0.29555,0.551105,1.22093,1.00779,1.37067e-06
4.37997,0.157073,0.295333,0.552727,1.22182,1.00784,1.37119e-06
4.40425,0.155011,0.295121,0.554345,1.22269,1.0079,1.37171e-06
4.43334,0.152946,0.294915,0.555959,1.22356,1.00797,1.37223e-06
4.45784,0.150879,0.294714,0.557569,1.22442,1.00806,1.37276e-06
4.47999,0.148811,0.294518,0.559175,1.22527,1.00816,1.37328e-06
4.50546,0.14674,0.294328,0.560777,1.22611,1.00828,1.37381e-06
4.53466,0.144667,0.294144,0.562373,1.22694,1.0084,1.37433e-06
4.57118,0.142592,0.293965,0.563966,1.22776,1.00854,1.37486e-06
4.60007,0.140516,0.293793,0.565553,1.22856,1.0087,1.37539e-06
4.62657,0.138437,0.293626,0.567135,1.22936,1.00886,1.37591e-06
4.65715,0.136355,0.293465,0.568713,1.23015,1.00904,1.37644e-06
4.68329,0.134272,0.29331,0.570285,1.23092,1.00923,1.37696e-06
4.70969,0.132186,0.29316,0.571852,1.23169,1.00944,1.37748e-06
4.74569,0.130098,0.293017,0.573413,1.23244,1.00966,1.378e-06
4.7915,0.128008,0.29288,0.574969,1.23318,1.00989,1.37851e-06
4.82369,0.125915,0.292749,0.57652,1.23391,1.01013,1.37902e-06
4.85387,0.12382,0.292625,0.578064,1.23463,1.01039,1.37953e-06
4.89099,0.121723,0.292506,0.579602,1.23533,1.01066,1.38004e-06
4.9206,0.119623,0.292394,0.581134,1.23603,1.01094,1.38056e-06
4.94641,0.11752,0.292288,0.58266,1.23671,1.01124,1.38108e-06
4.96853,0.115416,0.292189,0.58418,1.23738,1.01155,1.38162e-06
4.99118,0.113308,0.292096,0.585693,1.23803,1.01187,1.38215e-06
5.01978,0.111198,0.292009,0.587199,1.23867,1.01221,1.3827e-06
5.05736,0.109086,0.291929,0.588699,1.2393,1.01256,1.38324e-06
5.08828,0.106971,0.291856,0.590192,1.23992,1.01292,1.38378e-06
5.124,0.104853,0.291789,0.591677,1.24052,1.01329,1.38432e-06
5.17825,0.102733,0.291729,0.593156,1.2411,1.01368,1.38487e-06
5.21383,0.10061,0.291675,0.594627,1.24168,1.01408,1.38541e-06
5.24401,0.0984838,0.291629,0.596091,1.24223,1.01449,1.38595e-06
5.2801,0.0963553,0.291589,0.597547,1.24278,1.01492,1.38649e-06
5.30946,0.094224,0.291556,0.598995,1.2433,1.01536,1.38704e-06
5.33868,0.09209,0.29153,0.600435,1.24382,1.01581,1.38758e-06
5.37449,0.0899532,0.291511,0.601868,1.24431,1.01627,1.38812e-06
5.40325,0.0878135,0.291499,0.603292,1.2448,1.01675,1.38866e-06
5.43,0.0856711,0.291494,0.604708,1.24526,1.01724,1.3892e-06
5.46137,0.0835257,0.291496,0.606115,1.24571,1.01774,1.38975e-06
5.49059,0.0813775,0.291505,0.607514,1.24614,1.01826,1.39029e-06
5.52437,0.0792264,0.291522,0.608904,1.24656,1.01879,1.39083e-06
5.5525,0.0770724,0.291545,0.610286,1.24696,1.01933,1.39138e-06
5.57803,0.0749155,0.291576,0.611658,1.24734,1.01988,1.39193e-06
5.60055,0.0727556,0.291615,0.613021,1.2477,1.02045,1.39248e-06
5.62583,0.0705927,0.29166,0.614375,1.24805,1.02103,1.39303e-06
5.65617,0.0684268,0.291713,0.61572,1.24838,1.02162,1.39358e-06
5.68197,0.066258,0.291774,0.617055,1.24869,1.02222,1.39414e-06
5.7066,0.0640861,0.291842,0.61838,1.24898,1.02284,1.39471e-06
5.73817,0.0619112,0.291917,0.619696,1.24925,1.02347,1.39527e-06
5.78249,0.0597332,0.292001,0.621001,1.24951,1.02411,1.39584e-06
5.8148,0.0575522,0.292091,0.622297,1.24974,1.02477,1.39642e-06
5.84254,0.0553681,0.29219,0.623582,1.24996,1.02543,1.39699e-06
5.87438,0.0531809,0.292296,0.624857,1.25016,1.02611,1.39757e-06
5.90077,0.0509905,0.29241,0.626122,1.25033,1.02681,1.39816e-06
5.92462,0.0487971,0.292531,0.627375,1.25049,1.02751,1.39874e-06
5.95201,0.0466005,0.292661,0.628619,1.25063,1.02823,1.39934e-06
5.98113,0.0444008,0.292798,0.629851,1.25075,1.02896,1.39993e-06
6.01603,0.0421979,0.292944,0.631072,1.25085,1.0297,1.40053e-06
6.04401,0.0399919,0.293097,0.632282,1.25092,1.03046,1.40113e-06
6.067,0.0377827,0.293258,0.633481,1.25098,1.03123,1.40174e-06
6.08694,0.0355703,0.293427,0.634669,1.25102,1.03201,1.40235e-06
6.10623,0.0333547,0.293605,0.635844,1.25103,1.0328,1.40296e-06
6.12791,0.0311358,0.29379,0.637009,1.25103,1.0336,1.40357e-06
6.15366,0.0289138,0.293984,0.638161,1.251,1.03442,1.40419e-06
6.18456,0.0266885,0.294185,0.639302,1.25095,1.03525,1.40482e-06
6.21132,0.02446,0.294395,0.64043,1.25088,1.0361,1.40544e-06
6.2392,0.0222283,0.294614,0.641546,1.25079,1.03695,1.40607e-06
6.27281,0.0199933,0.29484,0.64265,1.25068,1.03782,1.40671e-06
6.30158,0.0177551,0.295075,0.643742,1.25055,1.0387,1.40734e-06
6.32992,0.0155136,0.295318,0.644821,1.25039,1.03959,1.40799e-06
6.35436,0.0132689,0.29557,0.645887,1.25021,1.0405,1.40863e-06
6.37933,0.0110209,0.29583,0.64694,1.25002,1.04142,1.40928e-06
6.40865,0.00876966,0.296098,0.647981,1.24979,1.04235,1.40993e-06
6.43622,0.00651516,0.296375,0.649008,1.24955,1.04329,1.41058e-06
6.45908,0.00425741,0.296661,0.650022,1.24928,1.04425,1.41124e-06
6.48077,0.00199641,0.296955,0.651022,1.249,1.04522,1.41191e-06
6.50591,-0.000267832,0.297257,0.652009,1.24868,1.0462,1.41257e-06
6.53372,-0.00253532,0.297569,0.652983,1.24835,1.04719,1.41324e-06
6.55851,-0.00480603,0.297889,0.653942,1.24799,1.0482,1.41391e-06
6.5853,-0.00707997,0.298217,0.654888,1.24762,1.04921,1.41459e-06
6.61734,-0.00935713,0.298555,0.655819,1.24721,1.05025,1.41527e-06
6.64391,-0.0116375,0.298901,0.656736,1.24679,1.05129,1.41595e-06
6.66771,-0.013921,0.299256,0.657639,1.24634,1.05235,1.41664e-06
6.69661,-0.0162077,0.29962,0.658527,1.24586,1.05341,1.41733e-06
6.73388,-0.0184976,0.299992,0.659401,1.24537,1.0545,1.41802e-06
6.76411,-0.0207906,0.300374,0.660259,1.24485,1.05559,1.41871e-06
6.79366,-0.0230868,0.300764,0.661103,1.2443,1.0567,1.41939e-06
6.82922,-0.025386,0.301163,0.661932,1.24373,1.05781,1.42008e-06
6.85807,-0.0276883,0.301571,0.662745,1.24314,1.05895,1.42076e-06
6.88448,-0.0299937,0.301989,0.663543,1.24252,1.06009,1.42144e-06
6.91595,-0.032302,0.302415,0.664325,1.24188,1.06125,1.42211e-06
6.95014,-0.0346134,0.30285,0.665091,1.24121,1.06241,1.42278e-06
6.99422,-0.0369277,0.303294,0.665841,1.24052,1.06359,1.42344e-06
7.0274,-0.0392449,0.303747,0.666575,1.2398,1.06479,1.4241e-06
7.05782,-0.0415651,0.304209,0.667293,1.23906,1.06599,1.42474e-06
7.0942,-0.043888,0.304681,0.667995,1.23829,1.06721,1.42538e-06
7.12341,-0.0462138,0.305161,0.668679,1.23749,1.06844,1.42601e-06
7.14969,-0.0485424,0.305651,0.669347,1.23667,1.06968,1.42664e-06
7.1793,-0.0508737,0.30615,0.669998,1.23582,1.07094,1.42728e-06
7.20452,-0.0532076,0.306658,0.670632,1.23494,1.07221,1.42794e-06
7.22587,-0.0555442,0.307175,0.671248,1.23403,1.07348,1.4286e-06
7.24706,-0.0578834,0.307701,0.671847,1.2331,1.07478,1.42926e-06
7.27166,-0.0602251,0.308236,0.672428,1.23214,1.07608,1.42994e-06
7.30227,-0.0625692,0.308781,0.672991,1.23115,1.07739,1.43061e-06
7.34191,-0.0649158,0.309335,0.673536,1.23013,1.07872,1.43128e-06
7.37214,-0.0672647,0.309898,0.674063,1.22909,1.08006,1.43195e-06
7.39663,-0.069616,0.31047,0.674571,1.22801,1.08141,1.43262e-06
7.42297,-0.0719694,0.311052,0.67506,1.22691,1.08278,1.43328e-06
7.45409,-0.074325,0.311643,0.675531,1.22577,1.08415,1.43395e-06
7.48072,-0.0766828,0.312243,0.675982,1.22461,1.08554,1.43461e-06
7.50463,-0.0790425,0.312853,0.676415,1.22341,1.08694,1.43527e-06
7.52592,-0.0814042,0.313471,0.676827,1.22219,1.08835,1.43593e-06
7.54837,-0.0837678,0.314099,0.677221,1.22093,1.08977,1.43659e-06
7.57475,-0.0861332,0.314737,0.677594,1.21964,1.09121,1.43724e-06
7.60493,-0.0885003,0.315383,0.677947,1.21832,1.09265,1.43789e-06
7.64218,-0.090869,0.316039,0.67828,1.21697,1.09411,1.43853e-06
7.67187,-0.0932394,0.316704,0.678593,1.21558,1.09558,1.43918e-06
7.69648,-0.0956112,0.317379,0.678884,1.21416,1.09706,1.43982e-06
7.71795,-0.0979844,0.318063,0.679155,1.21271,1.09855,1.44046e-06
7.74028,-0.100359,0.318756,0.679405,1.21123,1.10006,1.44109e-06
7.76607,-0.102735,0.319458,0.679634,1.20971,1.10158,1.44172e-06
7.79253,-0.105112,0.32017,0.679841,1.20816,1.1031,1.44235e-06
7.82202,-0.107489,0.320891,0.680027,1.20658,1.10464,1.44298e-06
7.85831,-0.109868,0.321621,0.680191,1.20496,1.10619,1.4436e-06
7.88819,-0.112248,0.322361,0.680332,1.20331,1.10776,1.44422e-06
7.91487,-0.114628,0.32311,0.680452,1.20162,1.10933,1.44483e-06
7.93776,-0.117009,0.323868,0.680549,1.1999,1.11092,1.44544e-06
7.96038,-0.119391,0.324635,0.680623,1.19814,1.11252,1.44605e-06
7.98755,-0.121773,0.325412,0.680675,1.19635,1.11412,1.44666e-06
8.02064,-0.124155,0.326198,0.680703,1.19452,1.11574,1.44726e-06
8.04854,-0.126538,0.326993,0.680708,1.19266,1.11738,1.44786e-06
8.07551,-0.12892,0.327797,0.68069,1.19076,1.11902,1.44845e-06
8.10674,-0.131303,0.32861,0.680648,1.18882,1.12067,1.44904e-06
8.13485,-0.133685,0.329433,0.680582,1.18685,1.12234,1.44963e-06
8.15861,-0.136067,0.330265,0.680493,1.18484,1.12402,1.45022e-06
8.18398,-0.138449,0.331105,0.680379,1.1828,1.12571,1.4508e-06
8.21404,-0.14083,0.331955,0.68024,1.18072,1.12741,1.45138e-06
8.24078,-0.143211,0.332814,0.680077,1.1786,1.12912,1.45196e-06
8.26441,-0.14559,0.333683,0.67989,1.17644,1.13085,1.45254e-06
8.28924,-0.147969,0.33456,0.679677,1.17425,1.13258,1.45311e-06
8.31784,-0.150347,0.335446,0.679439,1.17202,1.13433,1.45368e-06
8.34537,-0.152723,0.336341,0.679175,1.16975,1.13609,1.45425e-06
8.36857,-0.155099,0.337245,0.678886,1.16745,1.13785,1.45481e-06
8.39103,-0.157472,0.338158,0.678571,1.16511,1.13964,1.45538e-06
8.41751,-0.159844,0.33908,0.678231,1.16273,1.14143,1.45594e-06
8.44813,-0.162215,0.340011,0.677864,1.16031,1.14323,1.4565e-06
8.47409,-0.164583,0.34095,0.67747,1.15785,1.14505,1.45706e-06
8.49619,-0.166949,0.341899,0.677051,1.15536,1.14687,1.45762e-06
8.51918,-0.169313,0.342856,0.676604,1.15283,1.14871,1.45818e-06
8.5475,-0.171674,0.343822,0.67613,1.15025,1.15056,1.45875e-06
8.58232,-0.174033,0.344796,0.67563,1.14765,1.15242,1.45932e-06
8.61182,-0.176389,0.345779,0.675102,1.145,1.15429,1.45989e-06
8.64034,-0.178742,0.346771,0.674546,1.14231,1.15617,1.46046e-06
8.66494,-0.181092,0.347771,0.673963,1.13958,1.15806,1.46104e-06
8.69033,-0.183439,0.348779,0.673352,1.13682,1.15997,1.46162e-06
8.71977,-0.185782,0.349796,0.672713,1.13401,1.16188,1.46221e-06
8.74714,-0.188121,0.350822,0.672045,1.13117,1.16381,1.4628e-06
8.77761,-0.190457,0.351855,0.671349,1.12828,1.16575,1.46339e-06
8.80396,-0.192788,0.352897,0.670625,1.12536,1.1677,1.46399e-06
8.83034,-0.195116,0.353947,0.669871,1.1224,1.16966,1.46459e-06
8.86079,-0.197438,0.355005,0.669089,1.11939,1.17163,1.46519e-06
8.88613,-0.199756,0.356072,0.668277,1.11635,1.17361,1.4658e-06
8.90749,-0.202069,0.357146,0.667436,1.11326,1.1756,1.46641e-06
8.92888,-0.204377,0.358228,0.666565,1.11014,1.1776,1.46702e-06
8.95352,-0.20668,0.359319,0.665665,1.10697,1.17962,1.46764e-06
8.9821,-0.208977,0.360417,0.664735,1.10377,1.18164,1.46826e-06
9.01868,-0.211268,0.361523,0.663774,1.10052,1.18367,1.46889e-06
9.05591,-0.213553,0.362636,0.662783,1.09723,1.18572,1.46952e-06
9.10596,-0.215832,0.363757,0.661762,1.0939,1.18778,1.47015e-06
9.146,-0.218105,0.364886,0.66071,1.09053,1.18984,1.47078e-06
9.19842,-0.220371,0.366022,0.659628,1.08712,1.19192,1.47142e-06
9.23293,-0.22263,0.367166,0.658514,1.08367,1.19401,1.47207e-06
9.25772,-0.224882,0.368317,0.65737,1.08017,1.19611,1.47271e-06
9.27898,-0.227126,0.369476,0.656194,1.07663,1.19822,1.47336e-06
9.30195,-0.229363,0.370642,0.654986,1.07305,1.20034,1.47401e-06
9.33118,-0.231592,0.371815,0.653748,1.06943,1.20247,1.47467e-06
9.36926,-0.233813,0.372995,0.652477,1.06577,1.20461,1.47533e-06
9.39948,-0.236025,0.374182,0.651175,1.06206,1.20676,1.47599e-06
9.42812,-0.238229,0.375376,0.64984,1.05832,1.20893,1.47666e-06
9.46216,-0.240424,0.376577,0.648474,1.05453,1.2111,1.47733e-06
9.49158,-0.24261,0.377785,0.647075,1.05069,1.21328,1.47801e-06
9.52157,-0.244786,0.379,0.645644,1.04682,1.21548,1.47869e-06
9.54722,-0.246953,0.380222,0.64418,1.0429,1.21768,1.47937e-06
9.57284,-0.24911,0.38145,0.642684,1.03894,1.2199,1.48005e-06
9.6032,-0.251257,0.382685,0.641155,1.03494,1.22213,1.48074e-06
9.63366,-0.253393,0.383926,0.639593,1.03089,1.22437,1.48143e-06
9.66977,-0.255519,0.385174,0.637999,1.02681,1.22662,1.48213e-06
9.70048,-0.257634,0.386428,0.636371,1.02268,1.22888,1.48283e-06
9.7341,-0.259738,0.387689,0.634711,1.01851,1.23115,1.48353e-06
9.77872,-0.261831,0.388956,0.633017,1.01429,1.23344,1.48424e-06
9.81335,-0.263911,0.390229,0.63129,1.01004,1.23573,1.48495e-06
9.84728,-0.26598,0.391508,0.62953,1.00574,1.23804,1.48566e-06
9.89095,-0.268037,0.392794,0.627737,1.0014,1.24036,1.48638e-06
9.92457,-0.270082,0.394085,0.62591,0.997014,1.24269,1.4871e-06
9.95201,-0.272113,0.395383,0.624049,0.992589,1.24503,1.48782e-06
9.98171,-0.274132,0.396686,0.622156,0.988123,1.24738,1.48855e-06
10.0084,-0.276138,0.397996,0.620229,0.983615,1.24975,1.48928e-06
10.037,-0.27813,0.399311,0.618268,0.979066,1.25213,1.49001e-06
10.0715,-0.280109,0.400632,0.616274,0.974476,1.25452,1.49075e-06
10.104,-0.282074,0.401959,0.614247,0.969844,1.25692,1.49148e-06
10.1417,-0.284025,0.403292,0.612185,0.965171,1.25933,1.49219e-06
10.1723,-0.285961,0.40463,0.610091,0.960458,1.26176,1.4929e-06
10.1987,-0.287883,0.405973,0.607963,0.955704,1.2642,1.49358e-06
10.2307,-0.28979,0.407323,0.605801,0.950909,1.26666,1.49424e-06
10.2722,-0.291682,0.408677,0.603607,0.946075,1.26912,1.49489e-06
10.3081,-0.293559,0.410038,0.601378,0.9412,1.27161,1.49552e-06
10.3501,-0.29542,0.411403,0.599117,0.936286,1.2741,1.49613e-06
10.3835,-0.297266,0.412774,0.596822,0.931332,1.27661,1.49673e-06
10.4129,-0.299095,0.414151,0.594494,0.926339,1.27913,1.49731e-06
10.4461,-0.300909,0.415532,0.592133,0.921308,1.28166,1.49788e-06
10.476,-0.302706,0.416919,0.589739,0.916237,1.28421,1.49843e-06
10.5106,-0.304487,0.418312,0.587312,0.911128,1.28678,1.49897e-06
10.5577,-0.306251,0.419709,0.584852,0.905981,1.28936,1.4995e-06
10.5969,-0.307998,0.421111,0.582359,0.900796,1.29195,1.50002e-06
10.6278,-0.309728,0.422519,0.579834,0.895574,1.29456,1.50052e-06
10.6607,-0.31144,0.423932,0.577276,0.890315,1.29718,1.50102e-06
10.7009,-0.313135,0.42535,0.574686,0.885018,1.29982,1.50151e-06
10.735,-0.314813,0.426773,0.572063,0.879685,1.30247,1.50199e-06
10.7673,-0.316473,0.428201,0.569409,0.874316,1.30514,1.50246e-06
10.7947,-0.318114,0.429634,0.566722,0.868912,1.30783,1.50292e-06
10.82,-0.319738,0.431072,0.564004,0.863472,1.31053,1.50338e-06
10.8492,-0.321343,0.432515,0.561254,0.857996,1.31325,1.50383e-06
10.886,-0.32293,0.433962,0.558473,0.852486,1.31598,1.50427e-06
10.9348,-0.324498,0.435415,0.55566,0.846942,1.31873,1.50471e-06
10.9722,-0.326048,0.436873,0.552816,0.841364,1.32149,1.50515e-06
11.0018,-0.327578,0.438335,0.549942,0.835752,1.32428,1.50558e-06
11.0323,-0.32909,0.439803,0.547037,0.830107,1.32708,1.50601e-06
11.0721,-0.330582,0.441275,0.544101,0.82443,1.32989,1.50644e-06
11.1234,-0.332056,0.442752,0.541135,0.81872,1.33273,1.50687e-06
11.166,-0.33351,0.444233,0.538139,0.812978,1.33558,1.50729e-06
11.2178,-0.334945,0.44572,0.535114,0.807204,1.33845,1.50771e-06
11.2607,-0.33636,0.447211,0.532059,0.801399,1.34133,1.50813e-06
11.3116,-0.337755,0.448707,0.528975,0.795563,1.34424,1.50855e-06
11.3516,-0.339131,0.450208,0.525862,0.789696,1.34716,1.50898e-06
11.3876,-0.340487,0.451713,0.52272,0.7838,1.3501,1.50941e-06
11.4183,-0.341823,0.453223,0.51955,0.777873,1.35305,1.50984e-06
11.4509,-0.343139,0.454737,0.516351,0.771917,1.35602,1.51027e-06
11.4905,-0.344436,0.456256,0.513125,0.765931,1.35902,1.51071e-06
11.5292,-0.345712,0.457779,0.509871,0.759917,1.36202,1.51115e-06
11.5753,-0.346968,0.459307,0.50659,0.753874,1.36505,1.5116e-06
11.614,-0.348204,0.460839,0.503282,0.747803,1.36809,1.51205e-06
11.6559,-0.34942,0.462376,0.499947,0.741703,1.37115,1.51251e-06
11.7118,-0.350615,0.463917,0.496586,0.735576,1.37423,1.51297e-06
11.7549,-0.35179,0.465462,0.493199,0.729421,1.37732,1.51342e-06
11.793,-0.352945,0.467011,0.489786,0.723238,1.38043,1.51388e-06
11.8245,-0.354079,0.468565,0.486348,0.717028,1.38356,1.51433e-06
11.8545,-0.355193,0.470122,0.482885,0.710791,1.3867,1.51477e-06
11.8912,-0.356287,0.471684,0.479398,0.704528,1.38986,1.51522e-06
11.938,-0.35736,0.473249,0.475886,0.698237,1.39304,1.51566e-06
11.9766,-0.358413,0.474819,0.47235,0.691921,1.39623,1.5161e-06
12.0144,-0.359446,0.476392,0.46879,0.685577,1.39943,1.51654e-06
12.0595,-0.360458,0.477969,0.465208,0.679208,1.40265,1.51697e-06
12.0963,-0.36145,0.479549,0.461602,0.672813,1.40589,1.5174e-06
12.1293,-0.362421,0.481133,0.457974,0.666393,1.40914,1.51783e-06
12.1659,-0.363372,0.48272,0.454325,0.659946,1.4124,1.51826e-06
12.1987,-0.364303,0.484311,0.450653,0.653475,1.41567,1.51869e-06
12.2332,-0.365214,0.485905,0.44696,0.646979,1.41896,1.51912e-06
12.2748,-0.366104,0.487503,0.443247,0.640459,1.42226,1.51955e-06
12.3163,-0.366975,0.489103,0.439513,0.633914,1.42557,1.51998e-06
12.3657,-0.367826,0.490706,0.435759,0.627345,1.42889,1.5204e-06
12.4071,-0.368656,0.492312,0.431986,0.620753,1.43223,1.52083e-06
12.4496,-0.369467,0.493921,0.428194,0.614139,1.43557,1.52126e-06
12.4965,-0.370259,0.495533,0.424383,0.607502,1.43892,1.52169e-06
12.5592,-0.37103,0.497147,0.420555,0.600843,1.44228,1.52212e-06
12.6097,-0.371783,0.498763,0.416708,0.594163,1.44565,1.52255e-06
12.6695,-0.372516,0.500382,0.412845,0.587463,1.44903,1.52298e-06
12.7136,-0.37323,0.502003,0.408964,0.580743,1.45241,1.52342e-06
12.7476,-0.373926,0.503626,0.405068,0.574004,1.4558,1.52387e-06
12.7803,-0.374602,0.505252,0.401156,0.567247,1.4592,1.52431e-06
12.8208,-0.375261,0.506878,0.397229,0.560472,1.4626,1.52476e-06
12.8732,-0.375901,0.508507,0.393287,0.553681,1.466,1.52522e-06
12.9155,-0.376523,0.510137,0.389331,0.546874,1.46941,1.52567e-06
12.9573,-0.377127,0.511769,0.385361,0.540053,1.47282,1.52613e-06
13.0082,-0.377713,0.513402,0.381378,0.533218,1.47623,1.5266e-06
13.049,-0.378282,0.515036,0.377382,0.52637,1.47965,1.52707e-06
13.0831,-0.378834,0.516671,0.373374,0.51951,1.48306,1.52754e-06
13.113,-0.379369,0.518308,0.369354,0.512639,1.48647,1.52801e-06
13.1443,-0.379888,0.519945,0.365322,0.505758,1.48988,1.52849e-06
13.1814,-0.38039,0.521582,0.36128,0.498867,1.49329,1.52897e-06
13.2242,-0.380875,0.523221,0.357227,0.491967,1.4967,1.52946e-06
13.2777,-0.381345,0.524859,0.353164,0.485059,1.5001,1.52995e-06
13.3219,-0.381799,0.526498,0.349092,0.478144,1.50349,1.53044e-06
13.3647,-0.382238,0.528137,0.345011,0.471221,1.50688,1.53093e-06
13.4008,-0.382661,0.529776,0.340921,0.464291,1.51026,1.53143e-06
13.4373,-0.383069,0.531415,0.336822,0.457354,1.51363,1.53194e-06
13.4795,-0.383462,0.533053,0.332716,0.450412,1.517,1.53244e-06
13.5165,-0.38384,0.534691,0.328602,0.443462,1.52035,1.53295e-06
13.5551,-0.384204,0.536328,0.32448,0.436507,1.52369,1.53347e-06
13.6017,-0.384553,0.537964,0.320352,0.429545,1.52702,1.53398e-06
13.6443,-0.384888,0.539599,0.316218,0.422575,1.53033,1.53451e-06
13.6933,-0.385209,0.541232,0.312078,0.415599,1.53363,1.53503e-06
13.7349,-0.385515,0.542864,0.307931,0.408616,1.53691,1.53556e-06
13.78,-0.385808,0.544495,0.30378,0.401624,1.54017,1.53609e-06
13.8383,-0.386087,0.546123,0.299624,0.394625,1.54341,1.53662e-06
13.8872,-0.386352,0.547749,0.295463,0.387617,1.54663,1.53716e-06
13.9456,-0.386604,0.549372,0.291298,0.380599,1.54982,1.5377e-06
13.9921,-0.386843,0.550993,0.28713,0.373573,1.553,1.53824e-06
14.0416,-0.387068,0.552611,0.282958,0.366537,1.55614,1.53876e-06
14.1094,-0.387281,0.554226,0.278783,0.359491,1.55926,1.53927e-06
14.1602,-0.38748,0.555838,0.274606,0.352436,1.56234,1.53977e-06
14.2065,-0.387667,0.557445,0.270427,0.34537,1.5654,1.54025e-06
14.2442,-0.387841,0.559049,0.266246,0.338296,1.56843,1.54071e-06
14.2789,-0.388003,0.560649,0.262064,0.331212,1.57142,1.54115e-06
14.3096,-0.388153,0.562244,0.257881,0.32412,1.57437,1.54158e-06
14.3417,-0.388291,0.563835,0.253698,0.317019,1.57729,1.54198e-06
14.3806,-0.388418,0.565421,0.249515,0.309912,1.58016,1.54237e-06
14.4263,-0.388533,0.567002,0.245332,0.302799,1.583,1.54274e-06
14.465,-0.388638,0.568578,0.241151,0.295682,1.5858,1.5431e-06
14.4962,-0.388732,0.570149,0.23697,0.28856,1.58856,1.54344e-06
14.523,-0.388816,0.571714,0.232792,0.281437,1.59127,1.54376e-06
14.5479,-0.38889,0.573273,0.228616,0.274313,1.59394,1.54407e-06
14.5751,-0.388954,0.574827,0.224442,0.267189,1.59656,1.54437e-06
14.6067,-0.389009,0.576375,0.220271,0.260068,1.59913,1.54466e-06
14.642,-0.389055,0.577917,0.216103,0.25295,1.60166,1.54493e-06
14.6736,-0.389093,0.579454,0.211938,0.245837,1.60414,1.5452e-06
14.7049,-0.389122,0.580984,0.207777,0.238729,1.60657,1.54545e-06
14.7396,-0.389143,0.582508,0.20362,0.231628,1.60895,1.5457e-06
14.772,-0.389157,0.584026,0.199466,0.224534,1.61129,1.54593e-06
14.7999,-0.389163,0.585537,0.195318,0.217448,1.61357,1.54616e-06
14.8261,-0.389161,0.587042,0.191173,0.210369,1.61579,1.54638e-06
14.8545,-0.389152,0.588541,0.187034,0.203298,1.61797,1.54659e-06
14.8859,-0.389136,0.590033,0.182899,0.196234,1.62009,1.54679e-06
14.9211,-0.389112,0.591518,0.178769,0.189177,1.62215,1.54698e-06
14.9521,-0.389082,0.592997,0.174645,0.182127,1.62416,1.54716e-06
14.9807,-0.389045,0.594468,0.170526,0.175081,1.62611,1.54733e-06
15.013,-0.389,0.595932,0.166413,0.168042,1.628,1.54749e-06
15.054,-0.38895,0.597389,0.162306,0.161007,1.62984,1.54764e-06
15.1068,-0.388892,0.598839,0.158205,0.153978,1.63161,1.54778e-06
15.1476,-0.388828,0.600281,0.15411,0.146955,1.63332,1.54791e-06
15.1811,-0.388758,0.601716,0.150022,0.139941,1.63497,1.54802e-06
15.2173,-0.388683,0.603143,0.145941,0.132936,1.63655,1.54813e-06
15.26,-0.388602,0.604563,0.141866,0.125946,1.63808,1.54824e-06
15.2966,-0.388517,0.605976,0.137799,0.118974,1.63954,1.54834e-06
15.3316,-0.388428,0.607383,0.133738,0.112025,1.64095,1.54845e-06
15.3715,-0.388336,0.608783,0.129683,0.105107,1.64229,1.54855e-06
15.4099,-0.388242,0.610177,0.125634,0.0982265,1.64359,1.54865e-06
15.4533,-0.388146,0.611567,0.121591,0.0913908,1.64483,1.54875e-06
15.4894,-0.388051,0.612953,0.117553,0.084608,1.64603,1.54885e-06
15.5197,-0.387957,0.614335,0.11352,0.0778848,1.64719,1.54897e-06
15.5501,-0.387864,0.615715,0.10949,0.0712275,1.6483,1.54912e-06
15.5861,-0.387772,0.617094,0.105463,0.0646398,1.64938,1.54929e-06
15.6265,-0.387684,0.618471,0.101438,0.0581226,1.65043,1.54951e-06
15.6623,-0.387597,0.619847,0.0974161,0.051673,1.65145,1.54976e-06
15.7029,-0.387511,0.621222,0.0933959,0.0452831,1.65243,1.55005e-06
15.7538,-0.387425,0.622594,0.0893785,0.0389403,1.65338,1.55036e-06
15.7972,-0.387337,0.623963,0.0853649,0.0326255,1.65427,1.55068e-06
15.8437,-0.387244,0.625326,0.0813571,0.0263147,1.65511,1.55099e-06
15.8825,-0.387143,0.626679,0.0773577,0.01998,1.65586,1.55127e-06
15.9222,-0.387032,0.62802,0.0733698,0.013593,1.65652,1.55147e-06
15.9696,-0.386906,0.629343,0.069397,0.00712784,1.65707,1.5516e-06
16.0074,-0.386766,0.630648,0.0654427,0.000571308,1.65747,1.55165e-06
16.0383,-0.386612,0.631931,0.0615084,-0.00606771,1.65774,1.55166e-06
16.0685,-0.386449,0.633195,0.0575925,-0.01274,1.65788,1.55166e-06
16.1036,-0.386289,0.63445,0.0536874,-0.0193367,1.65794,1.55165e-06
16.1451,-0.386156,0.635715,0.0497747,-0.0256538,1.65802,1.55164e-06
16.2063,-0.386085,0.637026,0.0458202,-0.0313572,1.65832,1.55163e-06
16.4439,-0.386133,0.638443,0.0417667,-0.0359263,1.65915,1.55163e-06
